{"name":"e501f98c-e6bc-488f-86b9-b986f3a57ffc","id":"/providers/Microsoft.Flow/flows/e501f98c-e6bc-488f-86b9-b986f3a57ffc","type":"Microsoft.Flow/flows","properties":{"apiId":"/providers/Microsoft.PowerApps/apis/shared_logicflows","displayName":"Power Virtual Agents Flow Template","definition":{"$schema":"https://schema.management.azure.com/providers/Microsoft.Logic/schemas/2016-06-01/workflowdefinition.json#","contentVersion":"1.0.0.0","parameters":{"$connections":{"defaultValue":{},"type":"Object"},"$authentication":{"defaultValue":{},"type":"SecureObject"}},"triggers":{"manual":{"type":"Request","kind":"VirtualAgent","inputs":{"schema":{"type":"object","properties":{"text":{"title":"Email","type":"string","x-ms-dynamically-added":true,"description":"Please enter your input","x-ms-content-hint":"TEXT"},"text_1":{"title":"Device Name","type":"string","x-ms-dynamically-added":true,"description":"Please enter your input","x-ms-content-hint":"TEXT"}},"required":["text","text_1"]}}}},"actions":{"Return_value(s)_to_Power_Virtual_Agents":{"runAfter":{"Apply_to_each_2":["Succeeded"]},"type":"Response","kind":"VirtualAgent","inputs":{"statusCode":200,"body":{"markdowntable":"@variables('vMarkdownTable')","vmessage":"@variables('vMessage')"},"schema":{"type":"object","properties":{"markdowntable":{"title":"MarkDownTable","x-ms-dynamically-added":true,"type":"string"},"vmessage":{"title":"VMessage","x-ms-dynamically-added":true,"type":"string"}}}}},"List_records":{"runAfter":{},"type":"OpenApiConnection","inputs":{"host":{"connectionName":"shared_commondataserviceforapps","operationId":"ListRecords","apiId":"/providers/Microsoft.PowerApps/apis/shared_commondataserviceforapps"},"parameters":{"entityName":"cr138_deviceorders","$filter":"cr138_requestedby eq '@{triggerBody()['text']}' and contains( cr138_devicename, '@{triggerBody()['text_1']}')"},"authentication":"@parameters('$authentication')"}},"Apply_to_each_2":{"foreach":"@outputs('List_records')?['body/value']","actions":{"Set_variable":{"runAfter":{},"type":"SetVariable","inputs":{"name":"vStatus","value":"@{items('Apply_to_each_2')?['cr138_approvalstatus@OData.Community.Display.V1.FormattedValue']}"}},"Set_variable_2":{"runAfter":{"Set_variable":["Succeeded"]},"type":"SetVariable","inputs":{"name":"vDeliveryDate","value":"@items('Apply_to_each_2')?['cr138_estimatedshipdate']"}},"Set_variable_4":{"runAfter":{"Set_variable_2":["Succeeded"]},"type":"SetVariable","inputs":{"name":"vDeviceName","value":"@items('Apply_to_each_2')?['cr138_devicename']"}},"Append_to_string_variable":{"runAfter":{"Set_variable_4":["Succeeded"]},"type":"AppendToStringVariable","inputs":{"name":"vMarkdownTable","value":"\n| @{items('Apply_to_each_2')?['cr138_devicename']} | @{if(equals(variables('vDeliveryDate'),''),'',formatDateTime(variables('vDeliveryDate'),'dd/MM/yyyy'))} |  @{if(equals(variables('vStatus'),''),'InProgress',variables('vStatus'))} |"}}},"runAfter":{"Set_#_of_Rows":["Succeeded"]},"type":"Foreach"},"Device_Name":{"runAfter":{"Message_Count":["Succeeded"]},"type":"InitializeVariable","inputs":{"variables":[{"name":"vDeviceName","type":"string"}]}},"Delivery_Date":{"runAfter":{"Device_Name":["Succeeded"]},"type":"InitializeVariable","inputs":{"variables":[{"name":"vDeliveryDate","type":"string"}]}},"Status":{"runAfter":{"Delivery_Date":["Succeeded"]},"type":"InitializeVariable","inputs":{"variables":[{"name":"vStatus","type":"string"}]}},"Message_Count":{"runAfter":{"List_records":["Succeeded"]},"type":"InitializeVariable","inputs":{"variables":[{"name":"vMessage","type":"string","value":"0"}]}},"Set_#_of_Rows":{"runAfter":{"Mark_Down_Table":["Succeeded"]},"type":"SetVariable","inputs":{"name":"vMessage","value":"We found @{length(outputs('List_records')?['body/value'])} records."}},"Mark_Down_Table":{"runAfter":{"Status":["Succeeded"]},"type":"InitializeVariable","inputs":{"variables":[{"name":"vMarkdownTable","type":"string","value":"| Device | Estimated Ship Date | Approval Status |\n|:--------|:-----------------------|:-------------------|"}]}}},"outputs":{},"description":"Call this flow from Power Virtual Agents."},"connectionReferences":{"shared_commondataserviceforapps":{"connectionName":"shared-commondataser-04f0018e-a9f4-44c7-a701-0ffd-ae9feded","source":"Embedded","id":"/providers/Microsoft.PowerApps/apis/shared_commondataserviceforapps","tier":"NotSpecified"}},"flowFailureAlertSubscribed":false}}